country,created_timestamp,preferred_marketplace,device_family,ASIN,customer_action,desired_page_location
US,2023-04-14T21:12:55Z,www.amazon.com,Kindle E-reader,B000U913EI,Most Recent Page Read Dialog Box Shown,Last Page Read
US,2023-04-23T04:47:36Z,www.amazon.com,Kindle E-reader,Not Available,Most Recent Page Read Dialog Box Shown,Last Page Read
US,2023-03-07T03:36:19Z,www.amazon.com,Kindle E-reader,Not Available,Already at Most Recent Page Read,Not Available
US,2023-03-09T17:55:50Z,www.amazon.com,Kindle E-reader,Not Available,Already at Most Recent Page Read,Not Available
US,2023-04-20T03:43:51Z,www.amazon.com,Kindle E-reader,B000U913EI,Already at Most Recent Page Read,Not Available
US,2023-02-05T04:29:21Z,www.amazon.com,Kindle E-reader,Not Available,Most Recent Page Read Dialog Box Shown,Last Page Read
US,2023-03-31T04:20:16Z,www.amazon.com,Kindle E-reader,Not Available,display_mrpr_dialog_SmartSync_C_progressbar,Last Page Read
US,2023-05-21T20:25:13Z,www.amazon.com,Kindle E-reader,B08PG6CKZJ,Already at Most Recent Page Read,Not Available
US,2023-03-09T04:49:43Z,www.amazon.com,Kindle E-reader,Not Available,Already at Most Recent Page Read,Not Available
US,2023-06-08T01:10:06Z,www.amazon.com,Kindle E-reader,B09XBGYWSR,Tap on Most Recent Page Read Title,Last Page Read
US,2023-04-12T00:30:12Z,www.amazon.com,Kindle E-reader,Not Available,Already at Most Recent Page Read,Not Available
US,2023-06-12T03:23:00Z,www.amazon.com,Kindle E-reader,B09XBGYWSR,Tap on Most Recent Page Read Title,Last Page Read
US,2023-03-31T04:20:16Z,www.amazon.com,Kindle E-reader,Not Available,Most Recent Page Read Dialog Box Shown,Last Page Read
US,2023-03-30T05:08:22Z,www.amazon.com,Kindle E-reader,Not Available,Most Recent Page Read Dialog Box Shown,Last Page Read
US,2023-05-23T22:08:13Z,www.amazon.com,Kindle E-reader,B08PG6CKZJ,Current Last Page Read Not Present,Not Available
US,2023-03-25T05:49:22Z,www.amazon.com,Kindle E-reader,B0B3Y8DJFJ,Already at Most Recent Page Read,Not Available
US,2023-03-01T19:53:27Z,www.amazon.com,Kindle E-reader,B08QXTPXPH,display_mrpr_dialog_SmartSync_C_progressbar,Last Page Read
US,2023-03-01T19:53:29Z,www.amazon.com,Kindle E-reader,B08QXTPXPH,Tap Top of Screen to Display the Reading Navigation Toolbar Inside Book,Last Page Read
US,2023-05-12T02:40:31Z,www.amazon.com,Kindle E-reader,Not Available,Most Recent Page Read Dialog Box Shown,Last Page Read
US,2023-06-26T21:29:28Z,www.amazon.com,Kindle E-reader,B0BHTN6TL6,Most Recent Page Read Dialog Box Shown,Last Page Read
US,2023-06-08T01:10:03Z,www.amazon.com,Kindle E-reader,B09XBGYWSR,Most Recent Page Read Dialog Box Shown,Last Page Read
US,2023-03-08T22:11:20Z,www.amazon.com,Kindle E-reader,Not Available,Already at Most Recent Page Read,Not Available
US,2023-01-27T00:16:13Z,www.amazon.com,Kindle E-reader,Not Available,Most Recent Page Read Dialog Box Shown,Last Page Read
US,2023-02-05T04:29:24Z,www.amazon.com,Kindle E-reader,B003L77UKC,Tap on Most Recent Page Read Title,Last Page Read
US,2023-04-04T00:41:38Z,www.amazon.com,Kindle E-reader,B075SPBQDV,Current Last Page Read Not Present,Not Available
US,2023-06-22T02:58:32Z,www.amazon.com,Kindle E-reader,Not Available,Current Last Page Read Not Present,Not Available
US,2023-06-12T03:23:31Z,www.amazon.com,Kindle E-reader,Not Available,display_mrpr_dialog_SmartSync_C_progressbar,Last Page Read
US,2023-05-15T02:32:39Z,www.amazon.com,Kindle E-reader,B09XL59MJX,Current Last Page Read Not Present,Not Available
US,2023-06-12T03:23:35Z,www.amazon.com,Kindle E-reader,B000GCFX6S,Tap on Most Recent Page Read Title,Last Page Read
US,2023-06-14T23:02:13Z,www.amazon.com,Kindle E-reader,B000GCFX6S,display_mrpr_dialog_SmartSync_C_progressbar,Last Page Read
US,2023-05-13T04:27:48Z,www.amazon.com,Kindle E-reader,Not Available,Already at Most Recent Page Read,Not Available
US,2023-02-05T04:29:21Z,www.amazon.com,Kindle E-reader,Not Available,display_mrpr_dialog_SmartSync_C_progressbar,Last Page Read
US,2023-04-22T03:56:41Z,www.amazon.com,Kindle E-reader,Not Available,Already at Most Recent Page Read,Not Available
US,2023-02-06T23:56:51Z,www.amazon.com,Kindle E-reader,B09NTK9WDQ,display_mrpr_dialog_SmartSync_C_progressbar,Last Page Read
US,2023-03-14T04:01:34Z,www.amazon.com,Kindle E-reader,Not Available,Already at Most Recent Page Read,Not Available
US,2023-04-14T21:12:55Z,www.amazon.com,Kindle E-reader,B000U913EI,display_mrpr_dialog_SmartSync_C_progressbar,Last Page Read
US,2023-01-24T22:50:57Z,www.amazon.com,Kindle E-reader,B09QMHZ53K,Tap on Most Recent Page Read Title,Last Page Read
US,2023-04-23T04:47:37Z,www.amazon.com,Kindle E-reader,Not Available,display_mrpr_dialog_SmartSync_C_progressbar,Last Page Read
US,2023-04-25T23:23:16Z,www.amazon.com,Kindle E-reader,B0B6Z3LN2D,Most Recent Page Read Dialog Box Shown,Last Page Read
US,2023-05-08T20:09:01Z,www.amazon.com,Kindle E-reader,B084357H23,Current Last Page Read Not Present,Not Available
US,2023-06-12T03:22:56Z,www.amazon.com,Kindle E-reader,B09XBGYWSR,Most Recent Page Read Dialog Box Shown,Last Page Read
US,2023-03-01T19:53:31Z,www.amazon.com,Kindle E-reader,B08QXTPXPH,Tap on Most Recent Page Read Title,Last Page Read
US,2023-07-23T20:01:03Z,www.amazon.com,Kindle E-reader,B0BH4QWM85,Tap on Most Recent Page Read Title,Last Page Read
US,2023-01-25T05:16:45Z,www.amazon.com,Kindle E-reader,Not Available,Current Last Page Read Not Present,Not Available
US,2023-06-14T23:02:15Z,www.amazon.com,Kindle E-reader,B000GCFX6S,Tap on Most Recent Page Read Title,Last Page Read
US,2023-02-06T23:56:51Z,www.amazon.com,Kindle E-reader,B09NTK9WDQ,Most Recent Page Read Dialog Box Shown,Last Page Read
US,2023-03-23T21:23:02Z,www.amazon.com,Kindle E-reader,Not Available,Already at Most Recent Page Read,Not Available
US,2023-06-14T23:02:57Z,www.amazon.com,Kindle E-reader,Not Available,Current Last Page Read Not Present,Not Available
US,2023-07-23T20:01:01Z,www.amazon.com,Kindle E-reader,Not Available,Most Recent Page Read Dialog Box Shown,Last Page Read
US,2023-04-28T19:58:26Z,www.amazon.com,Kindle E-reader,B0B6Z4SVTH,Already at Most Recent Page Read,Not Available
US,2023-06-14T23:02:13Z,www.amazon.com,Kindle E-reader,B000GCFX6S,Most Recent Page Read Dialog Box Shown,Last Page Read
US,2023-04-25T23:23:34Z,www.amazon.com,Kindle E-reader,B0B6Z3LN2D,Tap on Most Recent Page Read Title,Last Page Read
US,2023-02-20T21:40:30Z,www.amazon.com,Kindle E-reader,Not Available,Already at Most Recent Page Read,Not Available
US,2023-04-05T03:24:35Z,www.amazon.com,Kindle E-reader,B07HB5DKQX,Most Recent Page Read Dialog Box Shown,Last Page Read
US,2023-06-08T01:10:03Z,www.amazon.com,Kindle E-reader,B09XBGYWSR,display_mrpr_dialog_SmartSync_C_progressbar,Last Page Read
US,2023-03-26T03:42:07Z,www.amazon.com,Kindle E-reader,Not Available,Already at Most Recent Page Read,Not Available
US,2023-01-24T22:50:39Z,www.amazon.com,Kindle E-reader,B09QMHZ53K,Most Recent Page Read Dialog Box Shown,Last Page Read
US,2023-04-05T03:24:39Z,www.amazon.com,Kindle E-reader,B07HB5DKQX,Tap on Most Recent Page Read Title,Last Page Read
US,2023-04-25T23:23:16Z,www.amazon.com,Kindle E-reader,B0B6Z3LN2D,display_mrpr_dialog_SmartSync_C_progressbar,Last Page Read
US,2023-01-24T22:50:40Z,www.amazon.com,Kindle E-reader,B09QMHZ53K,display_mrpr_dialog_SmartSync_C_progressbar,Last Page Read
US,2023-06-12T03:22:56Z,www.amazon.com,Kindle E-reader,B09XBGYWSR,display_mrpr_dialog_SmartSync_C_progressbar,Last Page Read
US,2023-05-01T20:45:09Z,www.amazon.com,Kindle E-reader,Not Available,Most Recent Page Read Dialog Box Shown,Last Page Read
US,2023-03-31T04:20:23Z,www.amazon.com,Kindle E-reader,B003L77UKC,Tap on Most Recent Page Read Title,Last Page Read
US,2023-04-28T19:58:23Z,www.amazon.com,Kindle E-reader,B0B6Z4SVTH,Already at Most Recent Page Read,Not Available
US,2023-06-13T02:04:55Z,www.amazon.com,Kindle E-reader,B000GCFX6S,Already at Most Recent Page Read,Not Available
US,2023-05-12T02:40:31Z,www.amazon.com,Kindle E-reader,Not Available,display_mrpr_dialog_SmartSync_C_progressbar,Last Page Read
US,2023-07-23T20:01:01Z,www.amazon.com,Kindle E-reader,Not Available,display_mrpr_dialog_SmartSync_C_progressbar,Last Page Read
US,2023-06-23T03:52:22Z,www.amazon.com,Kindle E-reader,Not Available,Already at Most Recent Page Read,Not Available
US,2023-06-12T03:23:30Z,www.amazon.com,Kindle E-reader,Not Available,Most Recent Page Read Dialog Box Shown,Last Page Read
US,2023-04-05T03:24:35Z,www.amazon.com,Kindle E-reader,B07HB5DKQX,display_mrpr_dialog_SmartSync_C_progressbar,Last Page Read
US,2023-01-28T05:28:17Z,www.amazon.com,Kindle E-reader,Not Available,Already at Most Recent Page Read,Not Available
US,2023-03-01T19:53:00Z,www.amazon.com,Kindle E-reader,B08QXTPXPH,Already at Most Recent Page Read,Not Available
US,2023-01-27T00:16:15Z,www.amazon.com,Kindle E-reader,B003L77UKC,Tap on Most Recent Page Read Title,Last Page Read
US,2023-05-12T02:40:36Z,www.amazon.com,Kindle E-reader,B003L77UKC,Tap on Most Recent Page Read Title,Last Page Read
US,2023-04-10T23:55:54Z,www.amazon.com,Kindle E-reader,Not Available,Already at Most Recent Page Read,Not Available
US,2023-03-01T19:53:27Z,www.amazon.com,Kindle E-reader,B08QXTPXPH,Most Recent Page Read Dialog Box Shown,Last Page Read
US,2023-03-30T05:08:22Z,www.amazon.com,Kindle E-reader,Not Available,display_mrpr_dialog_SmartSync_C_progressbar,Last Page Read
US,2023-05-05T02:36:11Z,www.amazon.com,Kindle E-reader,B084357H23,Current Last Page Read Not Present,Not Available
US,2023-06-26T21:29:28Z,www.amazon.com,Kindle E-reader,B0BHTN6TL6,display_mrpr_dialog_SmartSync_C_progressbar,Last Page Read
US,2023-02-06T23:57:01Z,www.amazon.com,Kindle E-reader,B09NTK9WDQ,Tap on Most Recent Page Read Title,Last Page Read
US,2023-05-01T20:45:09Z,www.amazon.com,Kindle E-reader,Not Available,display_mrpr_dialog_SmartSync_C_progressbar,Last Page Read
US,2023-05-02T22:53:11Z,www.amazon.com,Kindle E-reader,B084357H23,Current Last Page Read Not Present,Not Available
US,2023-06-26T21:35:09Z,www.amazon.com,Kindle E-reader,B0BHTN6TL6,Tap on Most Recent Page Read Title,Last Page Read
US,2023-01-27T00:16:13Z,www.amazon.com,Kindle E-reader,Not Available,display_mrpr_dialog_SmartSync_C_progressbar,Last Page Read
US,2023-12-22T18:21:15Z,www.amazon.com,Kindle E-reader,B09Y467GZY,Most Recent Page Read Dialog Box Shown,Last Page Read
US,2024-04-21T03:45:02Z,www.amazon.com,Kindle E-reader,B0BJSGV831,Already at Most Recent Page Read,Not Available
US,2024-03-14T03:50:38Z,www.amazon.com,Kindle E-reader,B0BPNP7YQB,Already at Most Recent Page Read,Not Available
US,2024-03-15T02:58:39Z,www.amazon.com,Kindle E-reader,B0BPNP7YQB,Already at Most Recent Page Read,Not Available
US,2024-02-07T21:05:09Z,www.amazon.com,Kindle E-reader,B09LHBX5KV,Tap on Most Recent Page Read Title,Last Page Read
US,2024-04-02T20:58:27Z,www.amazon.com,Kindle E-reader,B008J2G5Y6,Tap on Most Recent Page Read Title,Last Page Read
US,2024-06-02T04:00:31Z,www.amazon.com,Kindle E-reader,B09X34KMRM,Already at Most Recent Page Read,Not Available
US,2024-03-13T03:41:08Z,www.amazon.com,Kindle E-reader,Not Available,Already at Most Recent Page Read,Not Available
US,2024-07-23T04:05:52Z,www.amazon.com,Kindle E-reader,B0C7729CF8,Tap on Most Recent Page Read Title,Last Page Read
US,2024-02-22T21:20:31Z,www.amazon.com,Kindle E-reader,B0044781ZQ,Tap on Most Recent Page Read Title,Last Page Read
US,2024-04-04T22:07:55Z,www.amazon.com,Kindle E-reader,B0BXTB6HSN,Already at Most Recent Page Read,Not Available
US,2024-01-03T21:32:49Z,www.amazon.com,Kindle E-reader,Not Available,Already at Most Recent Page Read,Not Available
US,2024-01-16T21:57:11Z,www.amazon.com,Kindle E-reader,B07WG8L7WC,display_mrpr_dialog_SmartSync_C_progressbar,Last Page Read
US,2023-12-23T05:11:36Z,www.amazon.com,Kindle E-reader,B09Y467GZY,Most Recent Page Read Dialog Box Shown,Last Page Read
US,2024-07-25T00:58:57Z,www.amazon.com,Kindle E-reader,B0C7729CF8,Tap on Most Recent Page Read Title,Last Page Read
US,2024-01-16T21:57:11Z,www.amazon.com,Kindle E-reader,B07WG8L7WC,Most Recent Page Read Dialog Box Shown,Last Page Read
US,2024-03-05T05:28:14Z,www.amazon.com,Kindle E-reader,Not Available,Already at Most Recent Page Read,Not Available
US,2024-04-02T20:58:23Z,www.amazon.com,Kindle E-reader,Not Available,display_mrpr_dialog_SmartSync_C_progressbar,Last Page Read
US,2024-04-22T03:35:15Z,www.amazon.com,Kindle E-reader,B0BJSGV831,Already at Most Recent Page Read,Not Available
US,2024-06-04T22:57:54Z,www.amazon.com,Kindle E-reader,B09X34KMRM,Most Recent Page Read Dialog Box Shown,Last Page Read
US,2024-05-05T21:11:12Z,www.amazon.com,Kindle E-reader,Not Available,Most Recent Page Read Dialog Box Shown,Last Page Read
US,2024-04-21T21:41:42Z,www.amazon.com,Kindle E-reader,B0BJSGV831,Already at Most Recent Page Read,Not Available
US,2023-12-22T18:21:15Z,www.amazon.com,Kindle E-reader,B09Y467GZY,display_mrpr_dialog_SmartSync_C_progressbar,Last Page Read
US,2024-07-25T00:58:55Z,www.amazon.com,Kindle E-reader,B0C7729CF8,display_mrpr_dialog_SmartSync_C_progressbar,Last Page Read
US,2024-02-22T21:20:30Z,www.amazon.com,Kindle E-reader,B0044781ZQ,Most Recent Page Read Dialog Box Shown,Last Page Read
US,2024-07-03T02:14:41Z,www.amazon.com,Kindle E-reader,C36A14E8EC2F4079AD3377ED35C616AE,display_mrpr_dialog_SmartSync_C_progressbar,Last Page Read
US,2024-06-17T03:56:22Z,www.amazon.com,Kindle E-reader,Not Available,Most Recent Page Read Dialog Box Shown,Last Page Read
US,2024-07-31T21:34:38Z,www.amazon.com,Kindle E-reader,28C62463866C4CC99233564ED847A1A5,display_mrpr_dialog_SmartSync_C_progressbar,Last Page Read
US,2024-04-02T20:58:23Z,www.amazon.com,Kindle E-reader,Not Available,Most Recent Page Read Dialog Box Shown,Last Page Read
US,2024-01-27T02:59:02Z,www.amazon.com,Kindle E-reader,B0C3C886FY,Tap on Most Recent Page Read Title,Last Page Read
US,2024-04-22T03:36:38Z,www.amazon.com,Kindle E-reader,Not Available,Already at Most Recent Page Read,Not Available
US,2023-12-25T04:48:09Z,www.amazon.com,Kindle E-reader,B09Y467GZY,Tap on Most Recent Page Read Title,Last Page Read
US,2024-07-18T22:09:19Z,www.amazon.com,Kindle E-reader,B0C7729CF8,display_mrpr_dialog_SmartSync_C_progressbar,Last Page Read
US,2024-02-29T21:15:45Z,www.amazon.com,Kindle E-reader,Not Available,Most Recent Page Read Dialog Box Shown,Last Page Read
US,2024-02-03T06:12:19Z,www.amazon.com,Kindle E-reader,B0C592RHNC,display_mrpr_dialog_SmartSync_C_progressbar,Last Page Read
US,2024-07-03T02:14:41Z,www.amazon.com,Kindle E-reader,C36A14E8EC2F4079AD3377ED35C616AE,Most Recent Page Read Dialog Box Shown,Last Page Read
US,2024-07-08T21:42:39Z,www.amazon.com,Kindle E-reader,C36A14E8EC2F4079AD3377ED35C616AE,Reading Navigation Toolbar Inside Book is Invoked,Last Page Read
US,2024-04-20T04:00:45Z,www.amazon.com,Kindle E-reader,B0BJSGV831,Already at Most Recent Page Read,Not Available
US,2024-06-19T03:50:42Z,www.amazon.com,Kindle E-reader,096E674F00DC4192A0B7E99C3AB4A388,Current Last Page Read Not Present,Not Available
US,2024-04-19T17:03:03Z,www.amazon.com,Kindle E-reader,B0BJSGV831,Already at Most Recent Page Read,Not Available
US,2024-07-15T03:29:18Z,www.amazon.com,Kindle E-reader,2C4B5A07F41247DAAF830F1590836876,Recently Last Page Read Synced and Selected,Not Available
US,2023-08-04T04:19:19Z,www.amazon.com,Kindle E-reader,Not Available,Already at Most Recent Page Read,Not Available
US,2023-12-22T18:21:17Z,www.amazon.com,Kindle E-reader,B09Y467GZY,Tap on Most Recent Page Read Title,Last Page Read
US,2024-07-31T21:34:38Z,www.amazon.com,Kindle E-reader,28C62463866C4CC99233564ED847A1A5,Most Recent Page Read Dialog Box Shown,Last Page Read
US,2023-12-15T17:37:30Z,www.amazon.com,Kindle E-reader,B0B9SN8K6H,Already at Most Recent Page Read,Not Available
US,2024-07-08T21:42:38Z,www.amazon.com,Kindle E-reader,C36A14E8EC2F4079AD3377ED35C616AE,Most Recent Page Read Dialog Box Shown,Last Page Read
US,2024-03-16T03:10:50Z,www.amazon.com,Kindle E-reader,Not Available,Already at Most Recent Page Read,Not Available
US,2024-07-23T04:05:50Z,www.amazon.com,Kindle E-reader,B0C7729CF8,Most Recent Page Read Dialog Box Shown,Last Page Read
US,2024-06-16T03:37:42Z,www.amazon.com,Kindle E-reader,096E674F00DC4192A0B7E99C3AB4A388,Most Recent Page Read Dialog Box Shown,Last Page Read
US,2024-01-16T21:57:23Z,www.amazon.com,Kindle E-reader,B07WG8L7WC,Tap on Most Recent Page Read Title,Last Page Read
US,2024-01-26T21:01:52Z,www.amazon.com,Kindle E-reader,B0BJSGV831,display_mrpr_dialog_SmartSync_C_progressbar,Last Page Read
US,2024-07-25T20:40:32Z,www.amazon.com,Kindle E-reader,B0C7729CF8,display_mrpr_dialog_SmartSync_C_progressbar,Last Page Read
US,2024-04-29T03:21:11Z,www.amazon.com,Kindle E-reader,B0C772ZLMQ,display_mrpr_dialog_SmartSync_C_progressbar,Last Page Read
US,2024-01-26T21:01:55Z,www.amazon.com,Kindle E-reader,B0BJSGV831,Tap on Most Recent Page Read Title,Last Page Read
US,2024-02-07T21:05:06Z,www.amazon.com,Kindle E-reader,B09LHBX5KV,display_mrpr_dialog_SmartSync_C_progressbar,Last Page Read
US,2024-07-12T20:09:46Z,www.amazon.com,Kindle E-reader,2C4B5A07F41247DAAF830F1590836876,display_mrpr_dialog_SmartSync_C_progressbar,Last Page Read
US,2023-08-18T18:24:28Z,www.amazon.com,Kindle E-reader,B08T6CL58V,Already at Most Recent Page Read,Not Available
US,2023-12-09T19:49:41Z,www.amazon.com,Kindle E-reader,B0C5LRCM2F,display_mrpr_dialog_SmartSync_C_progressbar,Last Page Read
US,2024-04-29T03:21:00Z,www.amazon.com,Kindle E-reader,B0C772ZLMQ,Current Last Page Read Not Present,Not Available
US,2024-02-29T21:15:45Z,www.amazon.com,Kindle E-reader,Not Available,display_mrpr_dialog_SmartSync_C_progressbar,Last Page Read
US,2024-02-28T21:32:45Z,www.amazon.com,Kindle E-reader,B0C1YCKNK1,Tap on Most Recent Page Read Title,Last Page Read
US,2024-07-25T00:58:55Z,www.amazon.com,Kindle E-reader,B0C7729CF8,Most Recent Page Read Dialog Box Shown,Last Page Read
US,2024-02-28T21:32:43Z,www.amazon.com,Kindle E-reader,B0C1YCKNK1,display_mrpr_dialog_SmartSync_C_progressbar,Last Page Read
US,2024-05-06T05:22:15Z,www.amazon.com,Kindle E-reader,Not Available,Already at Most Recent Page Read,Not Available
US,2023-12-25T04:48:06Z,www.amazon.com,Kindle E-reader,Not Available,Most Recent Page Read Dialog Box Shown,Last Page Read
US,2024-01-27T02:58:53Z,www.amazon.com,Kindle E-reader,B0C3C886FY,display_mrpr_dialog_SmartSync_C_progressbar,Last Page Read
US,2023-12-13T21:54:53Z,www.amazon.com,Kindle E-reader,Not Available,display_mrpr_dialog_SmartSync_C_progressbar,Last Page Read
US,2023-08-28T17:52:28Z,www.amazon.com,Kindle E-reader,Not Available,Already at Most Recent Page Read,Not Available
US,2023-11-09T04:35:43Z,www.amazon.com,Kindle E-reader,B07CWDMQ45,Tap on Most Recent Page Read Title,Last Page Read
US,2023-10-05T21:36:43Z,www.amazon.com,Kindle E-reader,B0BP66G6B7,display_mrpr_dialog_SmartSync_C_progressbar,Last Page Read
US,2024-02-22T21:20:30Z,www.amazon.com,Kindle E-reader,B0044781ZQ,display_mrpr_dialog_SmartSync_C_progressbar,Last Page Read
US,2023-10-10T03:38:37Z,www.amazon.com,Kindle E-reader,B0BBC9K8C3,Current Last Page Read Not Present,Not Available
US,2023-08-19T04:27:59Z,www.amazon.com,Kindle E-reader,Not Available,Already at Most Recent Page Read,Not Available
US,2023-11-27T21:50:56Z,www.amazon.com,Kindle E-reader,Not Available,Most Recent Page Read Dialog Box Shown,Last Page Read
US,2023-10-05T21:36:43Z,www.amazon.com,Kindle E-reader,B0BP66G6B7,Most Recent Page Read Dialog Box Shown,Last Page Read
US,2024-05-05T21:11:27Z,www.amazon.com,Kindle E-reader,B0CDKLBD2W,Tap on Most Recent Page Read Title,Last Page Read
US,2024-07-25T20:40:32Z,www.amazon.com,Kindle E-reader,B0C7729CF8,Most Recent Page Read Dialog Box Shown,Last Page Read
US,2024-02-03T06:12:19Z,www.amazon.com,Kindle E-reader,B0C592RHNC,Most Recent Page Read Dialog Box Shown,Last Page Read
US,2024-06-17T03:56:23Z,www.amazon.com,Kindle E-reader,Not Available,Reading Navigation Toolbar Inside Book is Invoked,Last Page Read
US,2023-08-07T21:37:07Z,www.amazon.com,Kindle E-reader,B0BH4QWM85,Already at Most Recent Page Read,Not Available
US,2023-12-13T21:54:55Z,www.amazon.com,Kindle E-reader,B0BR511292,Tap on Most Recent Page Read Title,Last Page Read
US,2024-02-21T04:35:21Z,www.amazon.com,Kindle E-reader,B0CLQVQSVL,Most Recent Page Read Dialog Box Shown,Last Page Read
US,2023-09-28T04:09:52Z,www.amazon.com,Kindle E-reader,B0BQLKNTYR,Tap on Most Recent Page Read Title,Last Page Read
US,2024-06-01T17:43:27Z,www.amazon.com,Kindle E-reader,B09X34KMRM,display_mrpr_dialog_SmartSync_C_progressbar,Last Page Read
US,2024-06-17T03:56:22Z,www.amazon.com,Kindle E-reader,Not Available,display_mrpr_dialog_SmartSync_C_progressbar,Last Page Read
US,2023-11-13T03:37:43Z,www.amazon.com,Kindle E-reader,B0BR511292,Most Recent Page Read Dialog Box Shown,Last Page Read
US,2024-06-01T17:43:28Z,www.amazon.com,Kindle E-reader,B09X34KMRM,Reading Navigation Toolbar Inside Book is Invoked,Last Page Read
US,2023-08-18T00:22:46Z,www.amazon.com,Kindle E-reader,B08T6CL58V,Already at Most Recent Page Read,Not Available
US,2024-03-28T23:41:16Z,www.amazon.com,Kindle E-reader,B0BTZRQHJM,Already at Most Recent Page Read,Not Available
US,2023-12-06T21:13:59Z,www.amazon.com,Kindle E-reader,Not Available,Already at Most Recent Page Read,Not Available
US,2024-07-12T20:09:45Z,www.amazon.com,Kindle E-reader,2C4B5A07F41247DAAF830F1590836876,Most Recent Page Read Dialog Box Shown,Last Page Read
US,2024-07-14T04:09:26Z,www.amazon.com,Kindle E-reader,2C4B5A07F41247DAAF830F1590836876,Already at Most Recent Page Read,Not Available
US,2023-11-15T04:02:29Z,www.amazon.com,Kindle E-reader,Not Available,Most Recent Page Read Dialog Box Shown,Last Page Read
US,2024-03-15T02:50:04Z,www.amazon.com,Kindle E-reader,B0BPNP7YQB,Already at Most Recent Page Read,Not Available
US,2024-02-21T04:35:21Z,www.amazon.com,Kindle E-reader,B0CLQVQSVL,display_mrpr_dialog_SmartSync_C_progressbar,Last Page Read
US,2024-06-16T03:38:04Z,www.amazon.com,Kindle E-reader,096E674F00DC4192A0B7E99C3AB4A388,Tap on Most Recent Page Read Title,Last Page Read
US,2024-06-04T22:57:54Z,www.amazon.com,Kindle E-reader,B09X34KMRM,display_mrpr_dialog_SmartSync_C_progressbar,Last Page Read
US,2024-07-26T03:02:59Z,www.amazon.com,Kindle E-reader,Not Available,Tap on Most Recent Page Read Title,Last Page Read
US,2023-12-23T05:11:36Z,www.amazon.com,Kindle E-reader,B09Y467GZY,display_mrpr_dialog_SmartSync_C_progressbar,Last Page Read
US,2024-02-07T21:05:06Z,www.amazon.com,Kindle E-reader,B09LHBX5KV,Most Recent Page Read Dialog Box Shown,Last Page Read
US,2023-12-09T19:49:41Z,www.amazon.com,Kindle E-reader,B0C5LRCM2F,Most Recent Page Read Dialog Box Shown,Last Page Read
US,2024-07-26T03:02:50Z,www.amazon.com,Kindle E-reader,Not Available,display_mrpr_dialog_SmartSync_C_progressbar,Last Page Read
US,2024-02-03T06:12:22Z,www.amazon.com,Kindle E-reader,B0C592RHNC,Tap on Most Recent Page Read Title,Last Page Read
US,2024-06-16T03:37:42Z,www.amazon.com,Kindle E-reader,096E674F00DC4192A0B7E99C3AB4A388,display_mrpr_dialog_SmartSync_C_progressbar,Last Page Read
US,2023-08-19T01:27:50Z,www.amazon.com,Kindle E-reader,B08T6CL58V,Already at Most Recent Page Read,Not Available
US,2024-07-13T04:25:44Z,www.amazon.com,Kindle E-reader,2C4B5A07F41247DAAF830F1590836876,Current Last Page Read Not Present,Not Available
US,2024-01-27T02:58:53Z,www.amazon.com,Kindle E-reader,B0C3C886FY,Most Recent Page Read Dialog Box Shown,Last Page Read
US,2024-07-08T21:42:38Z,www.amazon.com,Kindle E-reader,C36A14E8EC2F4079AD3377ED35C616AE,display_mrpr_dialog_SmartSync_C_progressbar,Last Page Read
US,2024-02-21T04:35:29Z,www.amazon.com,Kindle E-reader,B0CLQVQSVL,Tap on Most Recent Page Read Title,Last Page Read
US,2024-04-19T03:38:27Z,www.amazon.com,Kindle E-reader,B0BJSGV831,Already at Most Recent Page Read,Not Available
US,2024-04-29T03:21:11Z,www.amazon.com,Kindle E-reader,B0C772ZLMQ,Most Recent Page Read Dialog Box Shown,Last Page Read
US,2023-11-09T04:35:40Z,www.amazon.com,Kindle E-reader,B07CWDMQ45,display_mrpr_dialog_SmartSync_C_progressbar,Last Page Read
US,2024-02-29T21:18:05Z,www.amazon.com,Kindle E-reader,Not Available,Tap on Most Recent Page Read Title,Last Page Read
US,2023-12-29T04:49:54Z,www.amazon.com,Kindle E-reader,B09Y467GZY,Current Last Page Read Not Present,Not Available
US,2024-04-16T03:33:52Z,www.amazon.com,Kindle E-reader,B003B4IW2U,display_mrpr_dialog_SmartSync_C_progressbar,Last Page Read
US,2024-01-26T21:01:51Z,www.amazon.com,Kindle E-reader,B0BJSGV831,Most Recent Page Read Dialog Box Shown,Last Page Read
US,2024-03-13T20:40:45Z,www.amazon.com,Kindle E-reader,B0BPNP7YQB,Already at Most Recent Page Read,Not Available
US,2023-12-19T04:28:48Z,www.amazon.com,Kindle E-reader,B08FGV64B1,display_mrpr_dialog_SmartSync_C_progressbar,Last Page Read
US,2023-11-13T03:37:45Z,www.amazon.com,Kindle E-reader,B0BR511292,Tap on Most Recent Page Read Title,Last Page Read
US,2024-02-28T21:32:43Z,www.amazon.com,Kindle E-reader,B0C1YCKNK1,Most Recent Page Read Dialog Box Shown,Last Page Read
US,2023-11-09T04:35:40Z,www.amazon.com,Kindle E-reader,B07CWDMQ45,Most Recent Page Read Dialog Box Shown,Last Page Read
US,2023-11-16T03:12:06Z,www.amazon.com,Kindle E-reader,Not Available,Already at Most Recent Page Read,Not Available
US,2023-12-19T04:29:03Z,www.amazon.com,Kindle E-reader,B08FGV64B1,Tap on Most Recent Page Read Title,Last Page Read
US,2024-07-20T03:52:19Z,www.amazon.com,Kindle E-reader,Not Available,Already at Most Recent Page Read,Not Available
US,2024-07-18T22:09:19Z,www.amazon.com,Kindle E-reader,B0C7729CF8,Most Recent Page Read Dialog Box Shown,Last Page Read
US,2023-12-19T04:28:47Z,www.amazon.com,Kindle E-reader,B08FGV64B1,Most Recent Page Read Dialog Box Shown,Last Page Read
US,2024-04-16T03:33:52Z,www.amazon.com,Kindle E-reader,B003B4IW2U,Most Recent Page Read Dialog Box Shown,Last Page Read
US,2024-06-04T22:57:55Z,www.amazon.com,Kindle E-reader,B09X34KMRM,Reading Navigation Toolbar Inside Book is Invoked,Last Page Read
US,2024-07-20T18:48:37Z,www.amazon.com,Kindle E-reader,28C62463866C4CC99233564ED847A1A5,Current Last Page Read Not Present,Not Available
US,2024-04-14T21:38:20Z,www.amazon.com,Kindle E-reader,Not Available,Already at Most Recent Page Read,Not Available
US,2023-12-25T04:48:06Z,www.amazon.com,Kindle E-reader,Not Available,display_mrpr_dialog_SmartSync_C_progressbar,Last Page Read
US,2024-06-01T17:43:27Z,www.amazon.com,Kindle E-reader,B09X34KMRM,Most Recent Page Read Dialog Box Shown,Last Page Read
US,2024-07-03T02:14:29Z,www.amazon.com,Kindle E-reader,C36A14E8EC2F4079AD3377ED35C616AE,Current Last Page Read Not Present,Not Available
US,2024-05-05T21:11:12Z,www.amazon.com,Kindle E-reader,Not Available,display_mrpr_dialog_SmartSync_C_progressbar,Last Page Read
US,2024-04-29T03:21:21Z,www.amazon.com,Kindle E-reader,B0C772ZLMQ,Tap on Most Recent Page Read Title,Last Page Read
US,2024-07-18T22:10:38Z,www.amazon.com,Kindle E-reader,B0C7729CF8,Tap on Most Recent Page Read Title,Last Page Read
US,2023-11-27T21:50:56Z,www.amazon.com,Kindle E-reader,Not Available,display_mrpr_dialog_SmartSync_C_progressbar,Last Page Read
US,2024-01-30T04:05:00Z,www.amazon.com,Kindle E-reader,Not Available,Already at Most Recent Page Read,Not Available
US,2024-04-22T21:41:20Z,www.amazon.com,Kindle E-reader,B0BJSGV831,Already at Most Recent Page Read,Not Available
US,2024-04-18T16:56:14Z,www.amazon.com,Kindle E-reader,B0BJSGV831,Already at Most Recent Page Read,Not Available
US,2023-11-15T04:02:29Z,www.amazon.com,Kindle E-reader,Not Available,display_mrpr_dialog_SmartSync_C_progressbar,Last Page Read
US,2024-03-13T05:02:48Z,www.amazon.com,Kindle E-reader,B0BPNP7YQB,Recently Last Page Read Synced and Selected,Not Available
US,2023-09-28T04:09:50Z,www.amazon.com,Kindle E-reader,Not Available,display_mrpr_dialog_SmartSync_C_progressbar,Last Page Read
US,2023-11-28T06:17:25Z,www.amazon.com,Kindle E-reader,B0BR511292,Already at Most Recent Page Read,Not Available
US,2024-07-23T04:05:50Z,www.amazon.com,Kindle E-reader,B0C7729CF8,display_mrpr_dialog_SmartSync_C_progressbar,Last Page Read
US,2024-07-25T20:40:33Z,www.amazon.com,Kindle E-reader,B0C7729CF8,Reading Navigation Toolbar Inside Book is Invoked,Last Page Read
US,2024-04-29T21:02:33Z,www.amazon.com,Kindle E-reader,B0C772ZLMQ,Most Recent Page Read Dialog Box Shown,Last Page Read
US,2023-11-13T03:37:43Z,www.amazon.com,Kindle E-reader,B0BR511292,display_mrpr_dialog_SmartSync_C_progressbar,Last Page Read
US,2024-04-29T21:02:33Z,www.amazon.com,Kindle E-reader,B0C772ZLMQ,display_mrpr_dialog_SmartSync_C_progressbar,Last Page Read
US,2023-12-13T21:54:53Z,www.amazon.com,Kindle E-reader,Not Available,Most Recent Page Read Dialog Box Shown,Last Page Read
US,2023-08-18T03:00:44Z,www.amazon.com,Kindle E-reader,B08T6CL58V,Already at Most Recent Page Read,Not Available
US,2023-09-28T04:09:50Z,www.amazon.com,Kindle E-reader,Not Available,Most Recent Page Read Dialog Box Shown,Last Page Read
US,2023-12-09T19:49:44Z,www.amazon.com,Kindle E-reader,B0C5LRCM2F,Tap on Most Recent Page Read Title,Last Page Read
US,2024-07-26T03:02:50Z,www.amazon.com,Kindle E-reader,Not Available,Most Recent Page Read Dialog Box Shown,Last Page Read
US,2023-11-22T22:38:27Z,www.amazon.com,Kindle E-reader,B09YRR8DB6,Already at Most Recent Page Read,Not Available
US,2024-07-03T02:26:48Z,www.amazon.com,Kindle E-reader,C36A14E8EC2F4079AD3377ED35C616AE,Current Last Page Read Not Present,Not Available
US,2024-11-07T03:39:34Z,www.amazon.com,Kindle E-reader,28C62463866C4CC99233564ED847A1A5,Tap on Most Recent Page Read Title,Last Page Read
US,2024-12-30T20:32:32Z,www.amazon.com,Kindle E-reader,AHLCEKLOMNBI3WZAR2LXCRUBJ2OBWCFN,Already at Most Recent Page Read,Not Available
US,2024-08-09T03:00:48Z,www.amazon.com,Kindle E-reader,Not Available,Current Last Page Read Not Present,Not Available
US,2025-06-26T02:52:56Z,www.amazon.com,Kindle E-reader,43ORQUG7AE42E3A2GE6TJRETZGVMQIFX,display_mrpr_dialog_SmartSync_C_,Last Page Read
US,2025-04-17T03:42:58Z,www.amazon.com,Kindle E-reader,Not Available,Already at Most Recent Page Read,Not Available
US,2025-02-18T22:02:32Z,www.amazon.com,Kindle E-reader,B003K15IF8,Most Recent Page Read Dialog Box Shown,Last Page Read
US,2024-08-05T21:41:15Z,www.amazon.com,Kindle E-reader,B0CL3FMNKJ,Tap on Most Recent Page Read Title,Last Page Read
US,2024-08-22T03:22:35Z,www.amazon.com,Kindle E-reader,3F18E7B1DE9B48E1B46CEBD543D9AD15,Most Recent Page Read Dialog Box Shown,Last Page Read
US,2025-03-20T04:01:40Z,www.amazon.com,Kindle E-reader,TEOQR3X2DN2TSHJ276HTYWLF6WUZXQBC,display_mrpr_dialog_SmartSync_C_progressbar,Last Page Read
US,2025-06-27T21:50:02Z,www.amazon.com,Kindle E-reader,43ORQUG7AE42E3A2GE6TJRETZGVMQIFX,display_mrpr_dialog_SmartSync_C_,Last Page Read
US,2025-04-17T04:01:28Z,www.amazon.com,Kindle E-reader,Not Available,Already at Most Recent Page Read,Not Available
US,2024-08-07T02:24:02Z,www.amazon.com,Kindle E-reader,B0CL3FMNKJ,Already at Most Recent Page Read,Not Available
US,2025-03-04T03:33:12Z,www.amazon.com,Kindle E-reader,Not Available,Most Recent Page Read Dialog Box Shown,Last Page Read
US,2024-09-02T17:38:55Z,www.amazon.com,Kindle E-reader,05C4DA136A6A4FFC99DBA85BEE6FF300,Already at Most Recent Page Read,Not Available
US,2025-03-17T02:22:21Z,www.amazon.com,Kindle E-reader,TEOQR3X2DN2TSHJ276HTYWLF6WUZXQBC,Current Last Page Read Not Present,Not Available
US,2024-10-06T04:06:34Z,www.amazon.com,Kindle E-reader,Not Available,Already at Most Recent Page Read,Not Available
US,2024-11-11T04:52:31Z,www.amazon.com,Kindle E-reader,N2GXACRU2Y75KKK7J7XPZLMLHHQJ3XEB,Reading Navigation Toolbar Inside Book is Invoked,Last Page Read
US,2025-05-27T22:16:31Z,www.amazon.com,Kindle E-reader,Not Available,already_at_mrpr_,Not Available
US,2024-09-22T02:16:55Z,www.amazon.com,Kindle E-reader,Not Available,Current Last Page Read Not Present,Not Available
US,2025-01-21T23:11:24Z,www.amazon.com,Kindle E-reader,B0CC1J32NG,Most Recent Page Read Dialog Box Shown,Last Page Read
US,2024-09-02T14:22:24Z,www.amazon.com,Kindle E-reader,05C4DA136A6A4FFC99DBA85BEE6FF300,Most Recent Page Read Dialog Box Shown,Last Page Read
US,2024-09-02T14:22:24Z,www.amazon.com,Kindle E-reader,05C4DA136A6A4FFC99DBA85BEE6FF300,display_mrpr_dialog_SmartSync_C_progressbar,Last Page Read
US,2025-05-30T01:23:09Z,www.amazon.com,Kindle E-reader,AP5FIAON5SVTMKD5WZJIZMQNHU6IF5Y6,remote_lpr_expired_,Not Available
US,2025-02-18T22:04:08Z,www.amazon.com,Kindle E-reader,Not Available,Already at Most Recent Page Read,Not Available
US,2024-12-28T05:51:06Z,www.amazon.com,Kindle E-reader,AHLCEKLOMNBI3WZAR2LXCRUBJ2OBWCFN,Tap on Most Recent Page Read Title,Last Page Read
US,2025-02-24T22:42:09Z,www.amazon.com,Kindle E-reader,MX76DL77CZU6RDBXMKY4ZAL5GJ55MMGG,Most Recent Page Read Dialog Box Shown,Last Page Read
US,2025-01-06T23:58:05Z,www.amazon.com,Kindle E-reader,Not Available,Already at Most Recent Page Read,Not Available
US,2025-04-14T22:47:06Z,www.amazon.com,Kindle E-reader,II6J4O2WEM4UWTX47RYFLMDPIEDR6GET,display_mrpr_dialog_SmartSync_C_progressbar,Last Page Read
US,2025-04-24T04:14:23Z,www.amazon.com,Kindle E-reader,WS7ZNQVX7GBLFJDICPFXB44TVFXYJ3XO,goto_header_action_,Last Page Read
US,2025-04-24T04:14:19Z,www.amazon.com,Kindle E-reader,WS7ZNQVX7GBLFJDICPFXB44TVFXYJ3XO,display_mrpr_dialog_,Last Page Read
US,2025-01-31T23:30:02Z,www.amazon.com,Kindle E-reader,B0DMDYK6Y6,Most Recent Page Read Dialog Box Shown,Last Page Read
US,2024-09-02T15:11:59Z,www.amazon.com,Kindle E-reader,05C4DA136A6A4FFC99DBA85BEE6FF300,Tap on Most Recent Page Read Title,Last Page Read
US,2025-03-10T02:23:24Z,www.amazon.com,Kindle E-reader,Not Available,display_mrpr_dialog_SmartSync_C_progressbar,Last Page Read
US,2025-06-11T03:08:55Z,www.amazon.com,Kindle E-reader,Not Available,already_at_mrpr_,Not Available
US,2024-08-22T03:22:35Z,www.amazon.com,Kindle E-reader,3F18E7B1DE9B48E1B46CEBD543D9AD15,display_mrpr_dialog_SmartSync_C_progressbar,Last Page Read
US,2024-09-03T01:47:39Z,www.amazon.com,Kindle E-reader,05C4DA136A6A4FFC99DBA85BEE6FF300,display_mrpr_dialog_SmartSync_C_progressbar,Last Page Read
US,2025-06-01T23:52:23Z,www.amazon.com,Kindle E-reader,JNMIUTPQKYQ7HRUKCLKJX5RHPE3OAK4B,remote_lpr_expired_,Not Available
US,2024-08-06T02:46:27Z,www.amazon.com,Kindle E-reader,B0CL3FMNKJ,display_mrpr_dialog_SmartSync_C_progressbar,Last Page Read
US,2024-11-07T03:39:26Z,www.amazon.com,Kindle E-reader,28C62463866C4CC99233564ED847A1A5,Most Recent Page Read Dialog Box Shown,Last Page Read
US,2024-08-24T03:23:22Z,www.amazon.com,Kindle E-reader,3F18E7B1DE9B48E1B46CEBD543D9AD15,Already at Most Recent Page Read,Not Available
US,2025-01-21T23:11:24Z,www.amazon.com,Kindle E-reader,B0CC1J32NG,display_mrpr_dialog_SmartSync_C_progressbar,Last Page Read
US,2025-06-14T17:45:36Z,www.amazon.com,Kindle E-reader,Not Available,remote_lpr_expired_,Not Available
US,2025-07-30T03:27:46Z,www.amazon.com,Kindle E-reader,CYYIMAPVWFZQZ7XVINNTFI6QPBWGZ245,goto_header_action_,Last Page Read
US,2025-04-14T22:47:06Z,www.amazon.com,Kindle E-reader,II6J4O2WEM4UWTX47RYFLMDPIEDR6GET,Most Recent Page Read Dialog Box Shown,Last Page Read
US,2025-02-18T22:02:39Z,www.amazon.com,Kindle E-reader,B003K15IF8,Reading Navigation Toolbar Inside Book is Invoked,Last Page Read
US,2024-09-24T22:21:30Z,www.amazon.com,Kindle E-reader,B0CQJHF3HQ,Current Last Page Read Not Present,Not Available
US,2025-04-17T22:01:40Z,www.amazon.com,Kindle E-reader,WVIR53TOCAWTSQCQN5QUVUTPLD2YC7AD,Already at Most Recent Page Read,Not Available
US,2025-07-30T03:27:41Z,www.amazon.com,Kindle E-reader,CYYIMAPVWFZQZ7XVINNTFI6QPBWGZ245,display_mrpr_dialog_SmartSync_C_,Last Page Read
US,2024-08-09T03:01:03Z,www.amazon.com,Kindle E-reader,B0CL3FMNKJ,Most Recent Page Read Dialog Box Shown,Last Page Read
US,2024-12-28T05:51:01Z,www.amazon.com,Kindle E-reader,AHLCEKLOMNBI3WZAR2LXCRUBJ2OBWCFN,Most Recent Page Read Dialog Box Shown,Last Page Read
US,2025-05-21T23:31:51Z,www.amazon.com,Kindle E-reader,FTT7VNOWFIXZCCUGO3PVUC2EFP5UBTOU,already_at_mrpr_,Not Available
US,2024-10-10T02:51:41Z,www.amazon.com,Kindle E-reader,B0CW1J3Y5G,Already at Most Recent Page Read,Not Available
US,2025-02-12T05:27:58Z,www.amazon.com,Kindle E-reader,WZ34AC3Z6QKT765I3B5YQEO3U3BZXKLN,Most Recent Page Read Dialog Box Shown,Last Page Read
US,2024-08-05T21:41:09Z,www.amazon.com,Kindle E-reader,B0CL3FMNKJ,Most Recent Page Read Dialog Box Shown,Last Page Read
US,2025-06-12T23:42:35Z,www.amazon.com,Kindle E-reader,Not Available,display_mrpr_dialog_,Last Page Read
US,2025-02-18T22:02:49Z,www.amazon.com,Kindle E-reader,B003K15IF8,Reading Navigation Toolbar Inside Book is Invoked,Last Page Read
US,2025-04-07T02:34:24Z,www.amazon.com,Kindle E-reader,Not Available,Most Recent Page Read Dialog Box Shown,Last Page Read
US,2025-07-30T03:27:41Z,www.amazon.com,Kindle E-reader,CYYIMAPVWFZQZ7XVINNTFI6QPBWGZ245,display_mrpr_dialog_,Last Page Read
US,2024-08-05T21:41:09Z,www.amazon.com,Kindle E-reader,B0CL3FMNKJ,display_mrpr_dialog_SmartSync_C_progressbar,Last Page Read
US,2025-01-27T04:29:28Z,www.amazon.com,Kindle E-reader,2EUPLKIM7ATSLPXWBOUA4B2L66BXKDTV,Tap on Most Recent Page Read Title,Most Recent Page Read
US,2025-02-28T00:50:56Z,www.amazon.com,Kindle E-reader,Not Available,Current Last Page Read Not Present,Not Available
US,2025-06-02T22:16:30Z,www.amazon.com,Kindle E-reader,JNMIUTPQKYQ7HRUKCLKJX5RHPE3OAK4B,already_at_mrpr_,Not Available
US,2025-06-26T02:52:56Z,www.amazon.com,Kindle E-reader,43ORQUG7AE42E3A2GE6TJRETZGVMQIFX,display_mrpr_dialog_,Last Page Read
US,2024-09-23T02:30:45Z,www.amazon.com,Kindle E-reader,B0CQJHF3HQ,Current Last Page Read Not Present,Not Available
US,2025-05-14T23:56:54Z,www.amazon.com,Kindle E-reader,RESEYEAJK4EJ4ULJAU6NJ6YSAGXJJQBV,goto_header_action_,Last Page Read
US,2024-11-11T04:52:28Z,www.amazon.com,Kindle E-reader,N2GXACRU2Y75KKK7J7XPZLMLHHQJ3XEB,display_mrpr_dialog_SmartSync_C_progressbar,Last Page Read
US,2025-02-15T05:43:26Z,www.amazon.com,Kindle E-reader,LHXKLEWH52LWXBSOBOTMRLRJ2CONAJCC,Tap on Most Recent Page Read Title,Last Page Read
US,2024-10-02T02:36:23Z,www.amazon.com,Kindle E-reader,CFB210D125DE496195B7AE70BACDA51C,Current Last Page Read Not Present,Not Available
US,2024-09-22T01:45:47Z,www.amazon.com,Kindle E-reader,Not Available,Already at Most Recent Page Read,Not Available
US,2024-10-17T22:20:31Z,www.amazon.com,Kindle E-reader,B0CW1J3Y5G,Already at Most Recent Page Read,Not Available
US,2025-02-12T05:28:06Z,www.amazon.com,Kindle E-reader,WZ34AC3Z6QKT765I3B5YQEO3U3BZXKLN,Tap on Most Recent Page Read Title,Last Page Read
US,2025-02-15T05:43:19Z,www.amazon.com,Kindle E-reader,LHXKLEWH52LWXBSOBOTMRLRJ2CONAJCC,Most Recent Page Read Dialog Box Shown,Last Page Read
US,2025-06-02T22:16:33Z,www.amazon.com,Kindle E-reader,JNMIUTPQKYQ7HRUKCLKJX5RHPE3OAK4B,already_at_mrpr_,Not Available
US,2025-06-26T02:52:59Z,www.amazon.com,Kindle E-reader,43ORQUG7AE42E3A2GE6TJRETZGVMQIFX,goto_header_action_,Last Page Read
US,2024-11-11T04:52:28Z,www.amazon.com,Kindle E-reader,N2GXACRU2Y75KKK7J7XPZLMLHHQJ3XEB,Most Recent Page Read Dialog Box Shown,Last Page Read
US,2024-12-17T05:28:31Z,www.amazon.com,Kindle E-reader,NKTH6XIJUZNFZ5PZSSWZ6BGQ6ZLGIKBQ,display_mrpr_dialog_SmartSync_C_progressbar,Last Page Read
US,2025-01-31T23:30:02Z,www.amazon.com,Kindle E-reader,B0DMDYK6Y6,display_mrpr_dialog_SmartSync_C_progressbar,Last Page Read
US,2025-04-30T23:07:34Z,www.amazon.com,Kindle E-reader,MDA2MPOTKOJLTLOVINZIHHXFP4Q3WPNH,remote_lpr_expired_,Not Available
US,2025-01-07T03:53:56Z,www.amazon.com,Kindle E-reader,JZLZQO3Y3EPKB7K2WUG7MGTYPVYOZWJS,Already at Most Recent Page Read,Not Available
US,2025-02-15T05:43:19Z,www.amazon.com,Kindle E-reader,LHXKLEWH52LWXBSOBOTMRLRJ2CONAJCC,display_mrpr_dialog_SmartSync_C_progressbar,Last Page Read
US,2024-09-24T22:21:50Z,www.amazon.com,Kindle E-reader,B0CQJHF3HQ,display_mrpr_dialog_SmartSync_C_progressbar,Last Page Read
US,2025-03-10T02:23:24Z,www.amazon.com,Kindle E-reader,Not Available,Most Recent Page Read Dialog Box Shown,Last Page Read
US,2025-07-04T02:35:49Z,www.amazon.com,Kindle E-reader,433NYT3NYBLOUOHLMNP7KZE4BASGKFI2,already_at_mrpr_,Not Available
US,2025-01-05T18:46:50Z,www.amazon.com,Kindle E-reader,D81BB38BBD7A4F42B0EE762A686912BA,Already at Most Recent Page Read,Not Available
US,2024-10-16T21:23:01Z,www.amazon.com,Kindle E-reader,Not Available,Already at Most Recent Page Read,Not Available
US,2024-09-01T18:54:06Z,www.amazon.com,Kindle E-reader,3451C4DEA84A49DEBFFFDDA0092EC804,display_mrpr_dialog_SmartSync_C_progressbar,Last Page Read
US,2025-06-27T21:50:02Z,www.amazon.com,Kindle E-reader,43ORQUG7AE42E3A2GE6TJRETZGVMQIFX,display_mrpr_dialog_,Last Page Read
US,2025-05-14T23:56:52Z,www.amazon.com,Kindle E-reader,RESEYEAJK4EJ4ULJAU6NJ6YSAGXJJQBV,display_mrpr_dialog_SmartSync_C_,Last Page Read
US,2025-07-30T03:27:43Z,www.amazon.com,Kindle E-reader,CYYIMAPVWFZQZ7XVINNTFI6QPBWGZ245,goto_header_action_,Most Recent Page Read
US,2025-05-14T23:56:52Z,www.amazon.com,Kindle E-reader,RESEYEAJK4EJ4ULJAU6NJ6YSAGXJJQBV,display_mrpr_dialog_,Last Page Read
US,2025-02-10T23:23:19Z,www.amazon.com,Kindle E-reader,Not Available,Already at Most Recent Page Read,Not Available
US,2024-12-17T05:41:02Z,www.amazon.com,Kindle E-reader,Not Available,Already at Most Recent Page Read,Not Available
US,2024-08-22T03:22:42Z,www.amazon.com,Kindle E-reader,3F18E7B1DE9B48E1B46CEBD543D9AD15,Tap on Most Recent Page Read Title,Last Page Read
US,2024-08-08T03:15:40Z,www.amazon.com,Kindle E-reader,B0CL3FMNKJ,Most Recent Page Read Dialog Box Shown,Last Page Read
US,2024-12-24T03:52:01Z,www.amazon.com,Kindle E-reader,AHLCEKLOMNBI3WZAR2LXCRUBJ2OBWCFN,Already at Most Recent Page Read,Not Available
US,2025-03-20T04:01:40Z,www.amazon.com,Kindle E-reader,TEOQR3X2DN2TSHJ276HTYWLF6WUZXQBC,Most Recent Page Read Dialog Box Shown,Last Page Read
US,2025-04-16T03:21:44Z,www.amazon.com,Kindle E-reader,II6J4O2WEM4UWTX47RYFLMDPIEDR6GET,Current Last Page Read Not Present,Not Available
US,2025-01-27T04:29:09Z,www.amazon.com,Kindle E-reader,2EUPLKIM7ATSLPXWBOUA4B2L66BXKDTV,Most Recent Page Read Dialog Box Shown,Last Page Read
US,2025-02-18T22:02:32Z,www.amazon.com,Kindle E-reader,B003K15IF8,display_mrpr_dialog_SmartSync_C_progressbar,Last Page Read
US,2024-11-07T03:39:26Z,www.amazon.com,Kindle E-reader,28C62463866C4CC99233564ED847A1A5,display_mrpr_dialog_SmartSync_C_progressbar,Last Page Read
US,2024-11-25T23:24:12Z,www.amazon.com,Kindle E-reader,7FLHIN5CJDB2OBP4B47X3KKHBVS7DZHH,Already at Most Recent Page Read,Not Available
US,2024-09-25T03:56:05Z,www.amazon.com,Kindle E-reader,B0CQJHF3HQ,Most Recent Page Read Dialog Box Shown,Last Page Read
US,2025-02-12T05:47:59Z,www.amazon.com,Kindle E-reader,WZ34AC3Z6QKT765I3B5YQEO3U3BZXKLN,Current Last Page Read Not Present,Not Available
US,2025-02-20T21:50:30Z,www.amazon.com,Kindle E-reader,B081M4F8GH,Most Recent Page Read Dialog Box Shown,Last Page Read
US,2025-05-21T23:31:35Z,www.amazon.com,Kindle E-reader,FTT7VNOWFIXZCCUGO3PVUC2EFP5UBTOU,remote_lpr_expired_,Not Available
US,2024-10-01T23:38:50Z,www.amazon.com,Kindle E-reader,Not Available,Current Last Page Read Not Present,Not Available
US,2024-09-01T18:54:06Z,www.amazon.com,Kindle E-reader,3451C4DEA84A49DEBFFFDDA0092EC804,Most Recent Page Read Dialog Box Shown,Last Page Read
US,2025-06-19T03:15:51Z,www.amazon.com,Kindle E-reader,Not Available,already_at_mrpr_,Not Available
US,2024-12-17T05:28:31Z,www.amazon.com,Kindle E-reader,NKTH6XIJUZNFZ5PZSSWZ6BGQ6ZLGIKBQ,Most Recent Page Read Dialog Box Shown,Last Page Read
US,2025-04-07T02:34:25Z,www.amazon.com,Kindle E-reader,Not Available,Tap on Most Recent Page Read Title,Last Page Read
US,2025-01-21T23:11:37Z,www.amazon.com,Kindle E-reader,B0CC1J32NG,Tap on Most Recent Page Read Title,Last Page Read
US,2024-12-28T05:51:01Z,www.amazon.com,Kindle E-reader,AHLCEKLOMNBI3WZAR2LXCRUBJ2OBWCFN,display_mrpr_dialog_SmartSync_C_progressbar,Last Page Read
US,2025-01-27T04:29:09Z,www.amazon.com,Kindle E-reader,2EUPLKIM7ATSLPXWBOUA4B2L66BXKDTV,display_mrpr_dialog_SmartSync_C_progressbar,Last Page Read
US,2025-04-24T04:14:19Z,www.amazon.com,Kindle E-reader,WS7ZNQVX7GBLFJDICPFXB44TVFXYJ3XO,display_mrpr_dialog_SmartSync_C_,Last Page Read
US,2025-01-24T00:13:04Z,www.amazon.com,Kindle E-reader,B0CC1J32NG,Already at Most Recent Page Read,Not Available
US,2025-02-24T22:42:11Z,www.amazon.com,Kindle E-reader,MX76DL77CZU6RDBXMKY4ZAL5GJ55MMGG,Tap on Most Recent Page Read Title,Last Page Read
US,2024-08-08T03:15:40Z,www.amazon.com,Kindle E-reader,B0CL3FMNKJ,display_mrpr_dialog_SmartSync_C_progressbar,Last Page Read
US,2024-11-07T02:35:55Z,www.amazon.com,Kindle E-reader,Q2GMDSWTP3KRSTVF5WHAONVIHS325UHL,Most Recent Page Read Dialog Box Shown,Last Page Read
US,2025-06-12T23:42:36Z,www.amazon.com,Kindle E-reader,Not Available,display_mrpr_dialog_SmartSync_C_,Last Page Read
US,2025-06-27T21:50:04Z,www.amazon.com,Kindle E-reader,43ORQUG7AE42E3A2GE6TJRETZGVMQIFX,goto_header_action_,Last Page Read
US,2024-09-24T22:21:53Z,www.amazon.com,Kindle E-reader,B0CQJHF3HQ,Tap on Most Recent Page Read Title,Last Page Read
US,2025-03-10T03:25:37Z,www.amazon.com,Kindle E-reader,PTBMJPRMFADHGCZ7ESUYHIIFVONVRXUJ,Tap on Most Recent Page Read Title,Last Page Read
US,2024-08-06T02:46:29Z,www.amazon.com,Kindle E-reader,B0CL3FMNKJ,Tap on Most Recent Page Read Title,Last Page Read
US,2025-02-12T05:27:58Z,www.amazon.com,Kindle E-reader,WZ34AC3Z6QKT765I3B5YQEO3U3BZXKLN,display_mrpr_dialog_SmartSync_C_progressbar,Last Page Read
US,2024-08-27T22:06:50Z,www.amazon.com,Kindle E-reader,3451C4DEA84A49DEBFFFDDA0092EC804,Current Last Page Read Not Present,Not Available
US,2024-11-07T03:39:29Z,www.amazon.com,Kindle E-reader,28C62463866C4CC99233564ED847A1A5,Reading Navigation Toolbar Inside Book is Invoked,Last Page Read
US,2025-04-07T02:34:24Z,www.amazon.com,Kindle E-reader,Not Available,display_mrpr_dialog_SmartSync_C_progressbar,Last Page Read
US,2025-01-15T22:08:13Z,www.amazon.com,Kindle E-reader,Not Available,Current Last Page Read Not Present,Not Available
US,2025-02-24T22:42:09Z,www.amazon.com,Kindle E-reader,MX76DL77CZU6RDBXMKY4ZAL5GJ55MMGG,display_mrpr_dialog_SmartSync_C_progressbar,Last Page Read
US,2025-05-06T03:17:43Z,www.amazon.com,Kindle E-reader,Not Available,already_at_mrpr_,Not Available
US,2024-09-02T17:38:59Z,www.amazon.com,Kindle E-reader,05C4DA136A6A4FFC99DBA85BEE6FF300,Already at Most Recent Page Read,Not Available
US,2025-02-20T21:50:30Z,www.amazon.com,Kindle E-reader,B081M4F8GH,display_mrpr_dialog_SmartSync_C_progressbar,Last Page Read
US,2025-01-27T04:29:18Z,www.amazon.com,Kindle E-reader,2EUPLKIM7ATSLPXWBOUA4B2L66BXKDTV,Tap on Most Recent Page Read Title,Last Page Read
US,2024-09-03T01:47:39Z,www.amazon.com,Kindle E-reader,05C4DA136A6A4FFC99DBA85BEE6FF300,Most Recent Page Read Dialog Box Shown,Last Page Read
US,2024-09-25T03:56:05Z,www.amazon.com,Kindle E-reader,B0CQJHF3HQ,display_mrpr_dialog_SmartSync_C_progressbar,Last Page Read
US,2024-10-04T04:00:24Z,www.amazon.com,Kindle E-reader,B0CGZFPKTZ,Already at Most Recent Page Read,Not Available
US,2025-03-04T03:33:12Z,www.amazon.com,Kindle E-reader,Not Available,display_mrpr_dialog_SmartSync_C_progressbar,Last Page Read
US,2024-09-25T03:56:11Z,www.amazon.com,Kindle E-reader,B0CQJHF3HQ,Tap on Most Recent Page Read Title,Last Page Read
US,2024-08-06T02:46:27Z,www.amazon.com,Kindle E-reader,B0CL3FMNKJ,Most Recent Page Read Dialog Box Shown,Last Page Read
US,2024-08-09T03:01:03Z,www.amazon.com,Kindle E-reader,B0CL3FMNKJ,display_mrpr_dialog_SmartSync_C_progressbar,Last Page Read
US,2025-03-04T03:34:25Z,www.amazon.com,Kindle E-reader,Not Available,Tap on Most Recent Page Read Title,Last Page Read
US,2024-09-24T22:21:50Z,www.amazon.com,Kindle E-reader,B0CQJHF3HQ,Most Recent Page Read Dialog Box Shown,Last Page Read
US,2024-11-07T02:35:55Z,www.amazon.com,Kindle E-reader,Q2GMDSWTP3KRSTVF5WHAONVIHS325UHL,display_mrpr_dialog_SmartSync_C_progressbar,Last Page Read
